C/1-TYP/Motyw_869/120x80(DE);7625928901418
C/5-TYP-B/Motyw_2082/200x100(DE);9145526943293
C/1-TYP/Motyw_869/120x80(DE);10665124985168
C/5-TYP-B/Motyw_2082/200x100(DE);12184723027043
C/1-TYP/Motyw_869/120x80(DE);13704321068918
C/5-TYP-B/Motyw_2082/200x100(DE);15223919110793
C/1-TYP/Motyw_869/120x80(DE);16743517152668
C/5-TYP-B/Motyw_2082/200x100(DE);18263115194543
C/1-TYP/Motyw_869/120x80(DE);19782713236418
C/5-TYP-B/Motyw_2082/200x100(DE);21302311278293
C/1-TYP/Motyw_869/120x80(DE);22821909320168
C/5-TYP-B/Motyw_2082/200x100(DE);24341507362043
C/1-TYP/Motyw_869/120x80(DE);25861105403918
C/5-TYP-B/Motyw_2082/200x100(DE);27380703445793
C/1-TYP/Motyw_869/120x80(DE);28900301487668
C/5-TYP-B/Motyw_2082/200x100(DE);30419899529543
C/1-TYP/Motyw_869/120x80(DE);31939497571418
C/5-TYP-B/Motyw_2082/200x100(DE);33459095613293
C/1-TYP/Motyw_869/120x80(DE);34978693655168
C/5-TYP-B/Motyw_2082/200x100(DE);36498291697043
C/1-TYP/Motyw_869/120x80(DE);38017889738918
C/5-TYP-B/Motyw_2082/200x100(DE);39537487780793
