C/4-TYP/Pokojgracza-PRT(DE);
C/4-TYP-C/Motyw_5501/120x40(DE);7630000000000
C/4-TYP-C/Motyw_5501/160x50(DE);7630000000000
C/4-TYP-C/Motyw_5501/200x50(DE);7630000000000
C/4-TYP-C/Motyw_5501/200x70(DE);7630000000000
C/4-TYP-C/Motyw_5501/240x80(DE);7630000000000
C/4-TYP-C/Motyw_5501/280x70(DE);7630000000000
C/4-TYP-C/Motyw_5502/120x40(DE);7630000000000
C/4-TYP-C/Motyw_5502/160x50(DE);7630000000000
C/4-TYP-C/Motyw_5502/200x50(DE);7630000000000
C/4-TYP-C/Motyw_5502/200x70(DE);7630000000000
C/4-TYP-C/Motyw_5502/240x80(DE);7630000000000
C/4-TYP-C/Motyw_5502/280x70(DE);7630000000000
C/4-TYP-C/Motyw_5503/120x40(DE);7630000000000
C/4-TYP-C/Motyw_5503/160x50(DE);7630000000000
C/4-TYP-C/Motyw_5503/200x50(DE);7630000000000
C/4-TYP-C/Motyw_5503/200x70(DE);7630000000000
C/4-TYP-C/Motyw_5503/240x80(DE);7630000000000
C/4-TYP-C/Motyw_5503/280x70(DE);7630000000000
C/4-TYP-C/Motyw_5504/120x40(DE);7630000000000
C/4-TYP-C/Motyw_5504/160x50(DE);7630000000000
C/4-TYP-C/Motyw_5504/200x50(DE);7630000000000
C/4-TYP-C/Motyw_5504/200x70(DE);7630000000000
C/4-TYP-C/Motyw_5504/240x80(DE);7630000000000
C/4-TYP-C/Motyw_5504/280x70(DE);7630000000000
C/4-TYP-C/Motyw_5505/120x40(DE);7630000000000
C/4-TYP-C/Motyw_5505/160x50(DE);7630000000000
C/4-TYP-C/Motyw_5505/200x50(DE);7630000000000
C/4-TYP-C/Motyw_5505/200x70(DE);7630000000000
C/4-TYP-C/Motyw_5505/240x80(DE);7630000000000
C/4-TYP-C/Motyw_5505/280x70(DE);7630000000000
C/4-TYP-C/Motyw_5506/120x40(DE);7630000000000
C/4-TYP-C/Motyw_5506/160x50(DE);7630000000000
C/4-TYP-C/Motyw_5506/200x50(DE);7630000000000
C/4-TYP-C/Motyw_5506/200x70(DE);7630000000000
C/4-TYP-C/Motyw_5506/240x80(DE);7630000000000
C/4-TYP-C/Motyw_5506/280x70(DE);7630000000000
C/4-TYP-C/Motyw_5507/120x40(DE);5910000000000
C/4-TYP-C/Motyw_5507/160x50(DE);5910000000000
C/4-TYP-C/Motyw_5507/200x50(DE);5910000000000
C/4-TYP-C/Motyw_5507/200x70(DE);5910000000000
C/4-TYP-C/Motyw_5507/240x80(DE);5910000000000
C/4-TYP-C/Motyw_5507/280x70(DE);5910000000000
